-- INSERTING EXAMPLE USERS --

INSERT INTO users VALUES
    (1001, "4FA4FB13F6C0C3A6675AE154FCD37453", "D0BD9FBBEC9F0115EEB312F762F585DAE9ED97DBA7E72505C1298C9EB82A1E2E", 1),
    (1002, "F9BB226792654EA3EA8BBA85D9C9BC45", "46C28118BF466B99B2614ECA8653FC344A17C1748B058CE0C3E708A6F7F5E1F2", 2),
    (1003, "08C0773678CB80F7E17832CE3CA7378A", "0B7022F4D4D52911C3A0E4421D56603560ADCA925D36D99931041A12848FD872", 3),
    (1004, "B5B66856E5BE1FA46437AD429094309A", "49080FA8A51EB4D122BB76452FD537BEA357AFC5A5DC88DE14BB05532A4C8B07", 4),
    (2010, "CD92C0598C706830F06B473E3F314588", "60D53940DF87AA311206D66C1F2A09AC632DE8B9BE960DCF75EC333E5493CFA1", 1),
    (2001, "673DEEF3E424521FE6C469A8CEEA4006", "BE2C7AB4B0C4CF66FA272BE738B46E8E0BB1FA8556AB42D48AB1A13DB771F61D", 1),
    (3001, "4FA4FB13F6C0C3A6675AE154FCD37453", "D0BD9FBBEC9F0115EEB312F762F585DAE9ED97DBA7E72505C1298C9EB82A1E2E", 1),
    (3002, "4FA4FB13F6C0C3A6675AE154FCD37453", "D0BD9FBBEC9F0115EEB312F762F585DAE9ED97DBA7E72505C1298C9EB82A1E2E", 1),
    (3003, "4FA4FB13F6C0C3A6675AE154FCD37453", "D0BD9FBBEC9F0115EEB312F762F585DAE9ED97DBA7E72505C1298C9EB82A1E2E", 1),
    (3004, "4FA4FB13F6C0C3A6675AE154FCD37453", "D0BD9FBBEC9F0115EEB312F762F585DAE9ED97DBA7E72505C1298C9EB82A1E2E", 1),
    (3005, "4FA4FB13F6C0C3A6675AE154FCD37453", "D0BD9FBBEC9F0115EEB312F762F585DAE9ED97DBA7E72505C1298C9EB82A1E2E", 1),
    (3006, "4FA4FB13F6C0C3A6675AE154FCD37453", "D0BD9FBBEC9F0115EEB312F762F585DAE9ED97DBA7E72505C1298C9EB82A1E2E", 1),
    (3007, "4FA4FB13F6C0C3A6675AE154FCD37453", "D0BD9FBBEC9F0115EEB312F762F585DAE9ED97DBA7E72505C1298C9EB82A1E2E", 1),
    (3008, "4FA4FB13F6C0C3A6675AE154FCD37453", "D0BD9FBBEC9F0115EEB312F762F585DAE9ED97DBA7E72505C1298C9EB82A1E2E", 1),
    (3009, "4FA4FB13F6C0C3A6675AE154FCD37453", "D0BD9FBBEC9F0115EEB312F762F585DAE9ED97DBA7E72505C1298C9EB82A1E2E", 1);

INSERT INTO degree VALUES
    ("COMU03", "MEng Software Engineering", 1, 0),
    ("PHIP01", "Postgraduate Physical and Spiritual orgone studies", 1, 0),
    ("COMU49", "BSc Philosophy and Computer Science", 0, 0),
    ("DANP72", "MSC Boogie Ballet", 1, 1),
    ("COMU20", "BSc Computer Science & Maths", 0, 0),
    ("PHYU20", "BSc Physics", 0, 0),
    ("PHYU21", "BSc Physics - with a year in industry", 0, 1),
    ("PHYP40", "MSc Physics", 1, 0),
    ("PHYP41", "MSc Physics - with a year in industry", 1, 1);
    
    

INSERT INTO student VALUES
    (1001, "Mr", "John", "Smith", "Professor Oak", "jsmith1@sheffieldringroad.ac.uk", "COMU49"),
    (2001, "Mr", "Ass", "Hunter", "Dr Dre", "ahunter1@sheffieldringroad.ac.uk", "COMU20"),
    (3001, "Mr", "Bass", "Hunter", "Dr Dre", "bhunter1@sheffieldringroad.ac.uk", "PHYU20"),
	(3002, "Mr", "Cass", "Hunter", "Dr Dre", "chunter1@sheffieldringroad.ac.uk", "PHYU20"),
    (3003, "Mr", "Dass", "Hunter", "Dr Dre", "dhunter1@sheffieldringroad.ac.uk", "PHYU20"),
    (3004, "Mr", "Eass", "Hunter", "Dr Dre", "ehunter1@sheffieldringroad.ac.uk", "PHYU21"),
    (3005, "Mr", "Fass", "Hunter", "Dr Dre", "fhunter1@sheffieldringroad.ac.uk", "PHYU20"),
    (3006, "Mr", "Gass", "Hunter", "Dr Dre", "ghunter1@sheffieldringroad.ac.uk", "PHYP41"),
    (3007, "Mr", "Hass", "Hunter", "Dr Dre", "hhunter1@sheffieldringroad.ac.uk", "PHYU20"),
    (3008, "Mr", "Iass", "Hunter", "Dr Dre", "ihunter1@sheffieldringroad.ac.uk", "PHYP40"),    
    (3009, "Mr", "Jass", "Hunter", "Dr Dre", "jhunter1@sheffieldringroad.ac.uk", "PHYP40");
    

-- INSERTING EXAMPLE DEGREES AND DEPARTMENTS --


INSERT INTO department VALUES
    ("COM", "Computer Science"),
    ("MAS", "Maths"),
    ("PHI", "Philosophy"),
    ("DAN", "Dance"),
    ("RSS", "Russian and Slavonic Studies"),
    ("PHY", "Physics and Astronamy");

INSERT INTO degree_department VALUES
    ("COMU49", "COM", 1),
    ("COMU49", "PHI", 0),
    ("COMU03", "COM", 1),
    ("COMU20", "COM", 1),
    ("DANP72", "DAN", 1),
    ("COMU20", "MAS", 0),
    ("PHIP01", "PHI", 1),
    ("PHYU20", "PHY", 1),
    ("PHYU21", "PHY", 1),
    ("PHYP40", "PHY", 1),
    ("PHYP41", "PHY", 1);    
    

-- INSERT INTO MODULE AND GRADES TABLE --

INSERT INTO module VALUES
    ("COM1005", "Machines and Intelligence", 20, 1),
    ("COM1001", "Software Engineering", 15, 2),
    ("RSS2109", "The Russian Language and Russian Society through Dance", 20, 3),
    ("COM1003", "Learn to Program in Java", 20, 1),
    ("COM1070", "Ruby Ruby Ruby Ruby Ruby", 20, 3),
    ("COM1008", "Intro to Web Programming", 20, 2),
    ("COM2110", "Functional Programming", 20, 4),
    ("MAS1014", "Introduction to Probability & Statistics", 40, 3),
    ("MAS1008", "Game Theory", 20, 2),
    ("DAN2001", "Dirty Dancing", 10, 1),
    ("MAS1011", "Algebra Intro", 20, 4),
    ("PHY1001", "Physics 1.1", 20, 1),
    ("PHY1002", "Physics 1.2", 20, 1),    
    ("PHY1003", "Physics 1.3", 20, 1),
    ("PHY1004", "Physics 1.4", 20, 1),
    ("PHY1005", "Physics 1.5", 20, 1),
    ("PHY1006", "Physics 1.6", 20, 1),
    ("PHY2001", "Physics 2.1", 20, 1),
    ("PHY2002", "Physics 2.2", 20, 1),    
    ("PHY2003", "Physics 2.3", 20, 1),
    ("PHY2004", "Physics 2.4", 20, 1),
    ("PHY2005", "Physics 2.5", 20, 1),
    ("PHY2006", "Physics 2.6", 20, 1),
    ("PHY1111", "Physics Year In Industry", 20, 3),
    ("PHY3001", "Physics 3.1", 20, 1),
    ("PHY3002", "Physics 3.2", 20, 1),    
    ("PHY3003", "Physics 3.3", 20, 1),
    ("PHY3004", "Physics 3.4", 20, 1),
    ("PHY3005", "Physics 3.5", 20, 1),
    ("PHY3006", "Physics 3.6", 20, 1),
    ("PHY4001", "Physics 4.1", 20, 1),
    ("PHY4002", "Physics 4.2", 20, 1),    
    ("PHY4003", "Physics 4.3", 20, 1),
    ("PHY4004", "Physics 4.4", 20, 1),
    ("PHY4005", "Physics 4.5", 20, 1),
    ("PHY4006", "Physics 4.6", 20, 1),
    ("PHY4007", "Physics dissertation", 60, 1);

INSERT INTO module_degree VALUES
    ("COM1005", "COMU49", 1, 0),
    ("DAN2001", "DANP72", 1, 1),
    ("COM1005", "COMU03", 1, 1),
    ("COM1001", "COMU49", 1, 0),
    ("RSS2109", "COMU49", 2, 0),
    ("COM1003", "COMU20", 1, 1),
    ("COM1070", "COMU20", 1, 1),
    ("COM1008", "COMU20", 1, 0),
    ("MAS1014", "COMU20", 1, 1),
    ("MAS1008", "COMU20", 1, 0),
    ("MAS1011", "COMU20", 1, 1),
    ("COM2110", "COMU20", 2, 1),
    ("PHY1001", "PHYU20", 1, 1),
    ("PHY1002", "PHYU20", 1, 1),    
    ("PHY1003", "PHYU20", 1, 1),
    ("PHY1004", "PHYU20", 1, 1),
    ("PHY1005", "PHYU20", 1, 1),
    ("PHY1006", "PHYU20", 1, 1),
    ("PHY2001", "PHYU20", 2, 1),
    ("PHY2002", "PHYU20", 2, 1),    
    ("PHY2003", "PHYU20", 2, 1),
    ("PHY2004", "PHYU20", 2, 1),
    ("PHY2005", "PHYU20", 2, 1),
    ("PHY2006", "PHYU20", 2, 1),
    ("PHY3001", "PHYU20", 3, 1),
    ("PHY3002", "PHYU20", 3, 1),    
    ("PHY3003", "PHYU20", 3, 1),
    ("PHY3004", "PHYU20", 3, 1),
    ("PHY3005", "PHYU20", 3, 1),
    ("PHY3006", "PHYU20", 3, 1),
    ("PHY1001", "PHYU21", 1, 1),
    ("PHY1002", "PHYU21", 1, 1),    
    ("PHY1003", "PHYU21", 1, 1),
    ("PHY1004", "PHYU21", 1, 1),
    ("PHY1005", "PHYU21", 1, 1),
    ("PHY1006", "PHYU21", 1, 1),
    ("PHY2001", "PHYU21", 2, 1),
    ("PHY2002", "PHYU21", 2, 1),    
    ("PHY2003", "PHYU21", 2, 1),
    ("PHY2004", "PHYU21", 2, 1),
    ("PHY2005", "PHYU21", 2, 1),
    ("PHY2006", "PHYU21", 2, 1),
    ("PHY1111", "PHYU21", 'P', 1),
    ("PHY3001", "PHYU21", 3, 1),
    ("PHY3002", "PHYU21", 3, 1),    
    ("PHY3003", "PHYU21", 3, 1),
    ("PHY3004", "PHYU21", 3, 1),
    ("PHY3005", "PHYU21", 3, 1),
    ("PHY3006", "PHYU21", 3, 1),
	("PHY1001", "PHYP40", 1, 1),
    ("PHY1002", "PHYP40", 1, 1),    
    ("PHY1003", "PHYP40", 1, 1),
    ("PHY1004", "PHYP40", 1, 1),
    ("PHY1005", "PHYP40", 1, 1),
    ("PHY1006", "PHYP40", 1, 1),
    ("PHY2001", "PHYP40", 2, 1),
    ("PHY2002", "PHYP40", 2, 1),    
    ("PHY2003", "PHYP40", 2, 1),
    ("PHY2004", "PHYP40", 2, 1),
    ("PHY2005", "PHYP40", 2, 1),
    ("PHY2006", "PHYP40", 2, 1),
    ("PHY3001", "PHYP40", 3, 1),
    ("PHY3002", "PHYP40", 3, 1),    
    ("PHY3003", "PHYP40", 3, 1),
    ("PHY3004", "PHYP40", 3, 1),
    ("PHY3005", "PHYP40", 3, 1),
    ("PHY3006", "PHYP40", 3, 1),
    ("PHY4001", "PHYP40", 4, 1),
    ("PHY4002", "PHYP40", 4, 1),    
    ("PHY4003", "PHYP40", 4, 1),
    ("PHY4004", "PHYP40", 4, 1),
    ("PHY4005", "PHYP40", 4, 1),
    ("PHY4006", "PHYP40", 4, 1),
	("PHY4007", "PHYP40", 4, 1),
    ("PHY1001", "PHYP41", 1, 1),
    ("PHY1002", "PHYP41", 1, 1),    
    ("PHY1003", "PHYP41", 1, 1),
    ("PHY1004", "PHYP41", 1, 1),
    ("PHY1005", "PHYP41", 1, 1),
    ("PHY1006", "PHYP41", 1, 1),
    ("PHY2001", "PHYP41", 2, 1),
    ("PHY2002", "PHYP41", 2, 1),    
    ("PHY2003", "PHYP41", 2, 1),
    ("PHY2004", "PHYP41", 2, 1),
    ("PHY2005", "PHYP41", 2, 1),
    ("PHY2006", "PHYP41", 2, 1),
    ("PHY1111", "PHYP41", 'P', 1),
    ("PHY3001", "PHYP41", 3, 1),
    ("PHY3002", "PHYP41", 3, 1),    
    ("PHY3003", "PHYP41", 3, 1),
    ("PHY3004", "PHYP41", 3, 1),
    ("PHY3005", "PHYP41", 3, 1),
    ("PHY3006", "PHYP41", 3, 1),
    ("PHY4001", "PHYP41", 4, 1),
    ("PHY4002", "PHYP41", 4, 1),    
    ("PHY4003", "PHYP41", 4, 1),
    ("PHY4004", "PHYP41", 4, 1),
    ("PHY4005", "PHYP41", 4, 1),
    ("PHY4006", "PHYP41", 4, 1),
    ("PHY4007", "PHYP41", 4, 1);
    
    
INSERT INTO period_of_study VALUES
    (2001, 'A', '2016-09-03', '2017-07-01', 1, 23.0),
    (2001, 'B', '2017-09-03', '2018-07-01', 1, NULL),
    (1001, 'A', '2014-09-03', '2015-07-01', 1, 12.04),
    (1001, 'B', '2015-09-03', '2016-07-01', 1, 55.49),
    (1001, 'C', '2016-09-03', '2017-07-01', 2, 88.99),
    (1001, 'D', '2017-09-03', '2018-07-01', 3, NULL),
    
    (3001, 'A', '2017-09-03', '2018-07-01', 1, NULL),
    
	(3002, 'A', '2017-09-03', '2018-07-01', 1, 29.00),
    (3002, 'B', '2015-09-03', '2016-07-01', 1, NULL),
    
    (3003, 'A', '2017-09-03', '2018-07-01', 1, 60.00),
    (3003, 'B', '2017-09-03', '2018-07-01', 2, NULL),
    
    (3004, 'A', '2017-09-03', '2018-07-01', 1, 60.00),
    (3004, 'B', '2017-09-03', '2018-07-01', 2, 60.00),    

	(3005, 'A', '2017-09-03', '2018-07-01', 1, 60.00),
    (3005, 'B', '2017-09-03', '2018-07-01', 2, 60.00),
    (3005, 'C', '2017-09-03', '2018-07-01', 3, NULL),
   
    (3006, 'A', '2017-09-03', '2018-07-01', 1, 60.00),
    (3006, 'B', '2017-09-03', '2018-07-01', 2, 60.00),
    (3006, 'C', '2017-09-03', '2018-07-01', 3, NULL),
   
    (3007, 'A', '2017-09-03', '2018-07-01', 1, 29.00),
    (3007, 'B', '2017-09-03', '2018-07-01', 1, 60.00),
    (3007, 'C', '2017-09-03', '2018-07-01', 2, 60.00),
    (3007, 'D', '2017-09-03', '2018-07-01', 3, NULL),    
    
    (3008, 'A', '2017-09-03', '2018-07-01', 1, 60.00),
    (3008, 'B', '2017-09-03', '2018-07-01', 1, 60.00),
    (3008, 'C', '2017-09-03', '2018-07-01', 1, 60.00),
    (3008, 'D', '2017-09-03', '2018-07-01', 1, NULL),
    
    (3009, 'A', '2017-09-03', '2018-07-01', 1, 60.00),
    (3009, 'B', '2017-09-03', '2018-07-01', 2, 60.00),
    (3009, 'C', '2017-09-03', '2018-07-01', 3, 60.00),
    (3009, 'D', '2017-09-03', '2018-07-01', 4, null);
    

    
INSERT INTO grades VALUES

	(3009, "PHY1001", 'A', 60.00, NULL),
    (3009, "PHY1002", 'A', 60.00, NULL),
    (3009, "PHY1003", 'A', 60.00, NULL),
    (3009, "PHY1004", 'A', 60.00, NULL),
    (3009, "PHY1005", 'A', 60.00, NULL),
    (3009, "PHY1006", 'A', 60.00, NULL),
	(3009, "PHY2001", 'B', 60.00, NULL),
    (3009, "PHY2002", 'B', 60.00, NULL),
    (3009, "PHY2003", 'B', 60.00, NULL),
    (3009, "PHY2004", 'B', 60.00, NULL),
    (3009, "PHY2005", 'B', 60.00, NULL),
    (3009, "PHY2006", 'B', 60.00, NULL),
	(3009, "PHY3001", 'C', 60.00, NULL),
    (3009, "PHY3002", 'C', 60.00, NULL),
    (3009, "PHY3003", 'C', 60.00, NULL),
    (3009, "PHY3004", 'C', 60.00, NULL),
    (3009, "PHY3005", 'C', 60.00, NULL),
    (3009, "PHY3006", 'C', 60.00, NULL), 
	(3009, "PHY4001", 'D', 20.00, 30.00),
    (3009, "PHY4002", 'D', 20.00, 30.00),
    (3009, "PHY4003", 'D', 20.00, 30.00),
    (3009, "PHY4004", 'D', 20.00, 30.00),
    (3009, "PHY4005", 'D', 20.00, 30.00),
    (3009, "PHY4006", 'D', 20.00, 30.00),    
    
	(3008, "PHY1001", 'A', 60.00, NULL),
    (3008, "PHY1002", 'A', 60.00, NULL),
    (3008, "PHY1003", 'A', 60.00, NULL),
    (3008, "PHY1004", 'A', 60.00, NULL),
    (3008, "PHY1005", 'A', 60.00, NULL),
    (3008, "PHY1006", 'A', 60.00, NULL),
	(3008, "PHY2001", 'B', 60.00, NULL),
    (3008, "PHY2002", 'B', 60.00, NULL),
    (3008, "PHY2003", 'B', 60.00, NULL),
    (3008, "PHY2004", 'B', 60.00, NULL),
    (3008, "PHY2005", 'B', 60.00, NULL),
    (3008, "PHY2006", 'B', 60.00, NULL),
	(3008, "PHY3001", 'C', 60.00, NULL),
    (3008, "PHY3002", 'C', 60.00, NULL),
    (3008, "PHY3003", 'C', 60.00, NULL),
    (3008, "PHY3004", 'C', 60.00, NULL),
    (3008, "PHY3005", 'C', 60.00, NULL),
    (3008, "PHY3006", 'C', 60.00, NULL), 
	(3008, "PHY4001", 'D', 60.00, NULL),
    (3008, "PHY4002", 'D', 60.00, NULL),
    (3008, "PHY4003", 'D', 60.00, NULL),
    (3008, "PHY4004", 'D', 60.00, NULL),
    (3008, "PHY4005", 'D', 60.00, NULL),
    (3008, "PHY4006", 'D', 60.00, NULL),
    
	(3007, "PHY1001", 'A', 20.00, 30.00),
    (3007, "PHY1002", 'A', 20.00, 30.00),
    (3007, "PHY1003", 'A', 20.00, 30.00),
    (3007, "PHY1004", 'A', 20.00, 30.00),
    (3007, "PHY1005", 'A', 20.00, 30.00),
    (3007, "PHY1006", 'A', 20.00, 30.00),
	(3007, "PHY1001", 'B', 60.00, NULL),
    (3007, "PHY1002", 'B', 60.00, NULL),
    (3007, "PHY1003", 'B', 60.00, NULL),
    (3007, "PHY1004", 'B', 60.00, NULL),
    (3007, "PHY1005", 'B', 60.00, NULL),
    (3007, "PHY1006", 'B', 60.00, NULL),
	(3007, "PHY2001", 'C', 60.00, NULL),
    (3007, "PHY2002", 'C', 60.00, NULL),
    (3007, "PHY2003", 'C', 60.00, NULL),
    (3007, "PHY2004", 'C', 60.00, NULL),
    (3007, "PHY2005", 'C', 60.00, NULL),
    (3007, "PHY2006", 'C', 60.00, NULL),
	(3007, "PHY3001", 'D', 60.00, NULL),
    (3007, "PHY3002", 'D', 60.00, NULL),
    (3007, "PHY3003", 'D', 60.00, NULL),
    (3007, "PHY3004", 'D', 60.00, NULL),
    (3007, "PHY3005", 'D', 60.00, NULL),
    (3007, "PHY3006", 'D', 60.00, NULL),
    
	(3006, "PHY1001", 'A', 60.00, NULL),
    (3006, "PHY1002", 'A', 60.00, NULL),
    (3006, "PHY1003", 'A', 60.00, NULL),
    (3006, "PHY1004", 'A', 60.00, NULL),
    (3006, "PHY1005", 'A', 60.00, NULL),
    (3006, "PHY1006", 'A', 60.00, NULL),
	(3006, "PHY2001", 'B', 60.00, NULL),
    (3006, "PHY2002", 'B', 60.00, NULL),
    (3006, "PHY2003", 'B', 60.00, NULL),
    (3006, "PHY2004", 'B', 60.00, NULL),
    (3006, "PHY2005", 'B', 60.00, NULL),
    (3006, "PHY2006", 'B', 60.00, NULL),
	(3006, "PHY3001", 'C', 60.00, NULL),
    (3006, "PHY3002", 'C', 60.00, NULL),
    (3006, "PHY3003", 'C', 60.00, NULL),
    (3006, "PHY3004", 'C', 60.00, NULL),
    (3006, "PHY3005", 'C', 60.00, NULL),
    (3006, "PHY3006", 'C', 60.00, NULL),    

	(3005, "PHY1001", 'A', 60.00, NULL),
    (3005, "PHY1002", 'A', 60.00, NULL),
    (3005, "PHY1003", 'A', 60.00, NULL),
    (3005, "PHY1004", 'A', 60.00, NULL),
    (3005, "PHY1005", 'A', 60.00, NULL),
    (3005, "PHY1006", 'A', 60.00, NULL),
	(3005, "PHY2001", 'B', 60.00, NULL),
    (3005, "PHY2002", 'B', 60.00, NULL),
    (3005, "PHY2003", 'B', 60.00, NULL),
    (3005, "PHY2004", 'B', 60.00, NULL),
    (3005, "PHY2005", 'B', 60.00, NULL),
    (3005, "PHY2006", 'B', 60.00, NULL),
	(3005, "PHY3001", 'C', 60.00, NULL),
    (3005, "PHY3002", 'C', 60.00, NULL),
    (3005, "PHY3003", 'C', 60.00, NULL),
    (3005, "PHY3004", 'C', 60.00, NULL),
    (3005, "PHY3005", 'C', 60.00, NULL),
    (3005, "PHY3006", 'C', 60.00, NULL),
    
	(3004, "PHY1001", 'A', 60.00, NULL),
    (3004, "PHY1002", 'A', 60.00, NULL),
    (3004, "PHY1003", 'A', 60.00, NULL),
    (3004, "PHY1004", 'A', 60.00, NULL),
    (3004, "PHY1005", 'A', 60.00, NULL),
    (3004, "PHY1006", 'A', 60.00, NULL),
	(3004, "PHY2001", 'B', 60.00, NULL),
    (3004, "PHY2002", 'B', 60.00, NULL),
    (3004, "PHY2003", 'B', 60.00, NULL),
    (3004, "PHY2004", 'B', 60.00, NULL),
    (3004, "PHY2005", 'B', 60.00, NULL),
    (3004, "PHY2006", 'B', 60.00, NULL),
    
	(3003, "PHY1001", 'A', 60.00, NULL),
    (3003, "PHY1002", 'A', 60.00, NULL),
    (3003, "PHY1003", 'A', 60.00, NULL),
    (3003, "PHY1004", 'A', 60.00, NULL),
    (3003, "PHY1005", 'A', 60.00, NULL),
    (3003, "PHY1006", 'A', 60.00, NULL),
	(3003, "PHY2001", 'B', 60.00, NULL),
    (3003, "PHY2002", 'B', 60.00, NULL),
    (3003, "PHY2003", 'B', 60.00, NULL),
    (3003, "PHY2004", 'B', 60.00, NULL),
    (3003, "PHY2005", 'B', 60.00, NULL),
    (3003, "PHY2006", 'B', 60.00, NULL),
    
    (3002, "PHY1001", 'A', 20.00, 30.00),
    (3002, "PHY1002", 'A', 20.00, 30.00),
    (3002, "PHY1003", 'A', 20.00, 30.00),
    (3002, "PHY1004", 'A', 20.00, 30.00),
    (3002, "PHY1005", 'A', 20.00, 30.00),
    (3002, "PHY1006", 'A', 20.00, 30.00),
	(3002, "PHY1001", 'B', 20.00, 30.00),
    (3002, "PHY1002", 'B', 20.00, 30.00),
    (3002, "PHY1003", 'B', 20.00, 30.00),
    (3002, "PHY1004", 'B', 20.00, 30.00),
    (3002, "PHY1005", 'B', 20.00, 30.00),
    (3002, "PHY1006", 'B', 20.00, 30.00),
    
    (3001, "PHY1001", 'A', 60.00, NULL),
    (3001, "PHY1002", 'A', 60.00, NULL),
    (3001, "PHY1003", 'A', 60.00, NULL),
    (3001, "PHY1004", 'A', 60.00, NULL),
    (3001, "PHY1005", 'A', 60.00, NULL),
    (3001, "PHY1006", 'A', 60.00, NULL),
    
    (1001, "COM1005", 'A', 20.50, 21.00),
    (1001, "COM1005", 'B', 50.72, NULL),
    (1001, "COM1001", 'A', 20.00, 50.56),

    (2001, "COM1008", 'A', 38.05, 88.94), -- 2001 label A 
    --  (2001, "RSS2109", 'A', 20.56, 12.00),
    (2001, "COM1001", 'A', 12.44, 35.00), 

    (2001, "COM1070", 'B', 68.99, NULL), -- 2001 label B (repeat year)
    (2001, "RSS2109", 'B', 72.1, NULL),
    (2001, "COM1003", 'B', 12, 78),
    (2001, "COM1005", 'B', 38.88, 38.88),
    (2001, "MAS1008", 'B', 55, NULL),
    (2001, "MAS1011", 'B', 5.00, 24);


