-- INSERTING EXAMPLE USERS --

INSERT INTO users VALUES
    (1001, "4FA4FB13F6C0C3A6675AE154FCD37453", "D0BD9FBBEC9F0115EEB312F762F585DAE9ED97DBA7E72505C1298C9EB82A1E2E", 1),
	(1002, "F9BB226792654EA3EA8BBA85D9C9BC45", "46C28118BF466B99B2614ECA8653FC344A17C1748B058CE0C3E708A6F7F5E1F2", 2),
    (1003, "08C0773678CB80F7E17832CE3CA7378A", "0B7022F4D4D52911C3A0E4421D56603560ADCA925D36D99931041A12848FD872", 3),
    (1004, "B5B66856E5BE1FA46437AD429094309A", "49080FA8A51EB4D122BB76452FD537BEA357AFC5A5DC88DE14BB05532A4C8B07", 4);

INSERT INTO degree VALUES
    ("COMU03", "MEng Software Engineering", 1, 0),
    ("PHYP01", "Postgraduate Physical and Spiritual orgone studies", 1, 0),
    ("COMU49", "BSc Philosophy and Computer Science", 0, 0);

INSERT INTO student VALUES
    (1001, "Mr", "John", "Smith", "Professor Oak", "JSmith1@sheffieldringroad.ac.uk", "COMU49");

INSERT INTO users VALUES
    (800765, "qwertyuiopasdfghjkl;1234567890", "JIHFDSKJFMSHSK145", 4),
    (689879, "123456789012345678901234567890", "JIHFDSKJ54RESK145", 3),
    (972097, "123456789012345678901234567890", "JIHFDSKJFMSHSK145", 2);

-- INSERTING EXAMPLE DEGREES AND DEPARTMENTS --


INSERT INTO department VALUES
    ("COM", "Computer Science"),
    ("PHI", "Philosophy"),
    ("RSS", "Russian and Slavonic Studies");

INSERT INTO degree_department VALUES
    ("COMU49", "COM", 1),
    ("COMU49", "PHI", 0),
    ("COMU03", "COM", 1);

-- INSERT INTO MODULE AND GRADES TABLE --

INSERT INTO module VALUES
    ("COM1005", "Machines and Intelligence", 20, 1),
    ("COM1001", "Software Engineering", 15, 2),
    ("RSS2109", "The Russian Language and Russian Society through Dance", 20, 3);

INSERT INTO module_degree VALUES
    ("COM1005", "COMU49", 1, 0),
    ("COM1005", "COMU03", 1, 1),
    ("COM1001", "COMU49", 1, 0),
    ("RSS2109", "COMU49", 2, 0);

INSERT INTO grades VALUES
    (1001, "COM1005", "74.55655", null),
    (1001, "COM1001", "20.001", "50.5555");

-- INSERT PERIODS OF STUDY

INSERT INTO period_of_study VALUES
    (1001, "A", "1000-10-10", "1200-12-12", "1"),
    (1001, "B", "1955-11-01", "1975-04-30", "2");